{
	"groups": [
		{
			"keys": "dengluBg_jpg,loadingDi_png,loadingKuang_png,startButton_png,loadingBar_png,version_png,common1_png,common0_png,black_jpg,tipsPanel_png,version_json",
			"name": "login"
		}
	],
	"resources": [
		{
			"url": "assets/CheckBox/checkbox_select_disabled.png",
			"type": "image",
			"name": "checkbox_select_disabled_png"
		},
		{
			"url": "assets/CheckBox/checkbox_select_down.png",
			"type": "image",
			"name": "checkbox_select_down_png"
		},
		{
			"url": "assets/CheckBox/checkbox_select_up.png",
			"type": "image",
			"name": "checkbox_select_up_png"
		},
		{
			"url": "assets/CheckBox/checkbox_unselect.png",
			"type": "image",
			"name": "checkbox_unselect_png"
		},
		{
			"url": "assets/ItemRenderer/selected.png",
			"type": "image",
			"name": "selected_png"
		},
		{
			"url": "assets/Panel/border.png",
			"type": "image",
			"name": "border_png"
		},
		{
			"url": "assets/Panel/header.png",
			"type": "image",
			"name": "header_png"
		},
		{
			"url": "assets/RadioButton/radiobutton_select_disabled.png",
			"type": "image",
			"name": "radiobutton_select_disabled_png"
		},
		{
			"url": "assets/RadioButton/radiobutton_select_down.png",
			"type": "image",
			"name": "radiobutton_select_down_png"
		},
		{
			"url": "assets/RadioButton/radiobutton_select_up.png",
			"type": "image",
			"name": "radiobutton_select_up_png"
		},
		{
			"url": "assets/RadioButton/radiobutton_unselect.png",
			"type": "image",
			"name": "radiobutton_unselect_png"
		},
		{
			"url": "assets/ScrollBar/roundthumb.png",
			"type": "image",
			"name": "roundthumb_png"
		},
		{
			"url": "assets/Slider/thumb.png",
			"type": "image",
			"name": "thumb_png"
		},
		{
			"url": "assets/Slider/track.png",
			"type": "image",
			"name": "track_png"
		},
		{
			"url": "assets/Slider/tracklight.png",
			"type": "image",
			"name": "tracklight_png"
		},
		{
			"url": "assets/ToggleSwitch/handle.png",
			"type": "image",
			"name": "handle_png"
		},
		{
			"url": "assets/ToggleSwitch/off.png",
			"type": "image",
			"name": "off_png"
		},
		{
			"url": "assets/ToggleSwitch/on.png",
			"type": "image",
			"name": "on_png"
		},
		{
			"url": "assets/Button/button_down.png",
			"type": "image",
			"name": "button_down_png"
		},
		{
			"url": "assets/Button/button_up.png",
			"type": "image",
			"name": "button_up_png"
		},
		{
			"url": "assets/ProgressBar/thumb_pb.png",
			"type": "image",
			"name": "thumb_pb_png"
		},
		{
			"url": "assets/ProgressBar/track_pb.png",
			"type": "image",
			"name": "track_pb_png"
		},
		{
			"url": "assets/ScrollBar/track_sb.png",
			"type": "image",
			"name": "track_sb_png"
		},
		{
			"url": "assets/bg.jpg",
			"type": "image",
			"name": "bg_jpg"
		},
		{
			"url": "assets/egret_icon.png",
			"type": "image",
			"name": "egret_icon_png"
		},
		{
			"url": "config/1.json",
			"type": "json",
			"name": "1_json"
		},
		{
			"url": "login/dengluBg.jpg",
			"type": "image",
			"name": "dengluBg_jpg"
		},
		{
			"url": "login/loadingBar.png",
			"type": "image",
			"name": "loadingBar_png"
		},
		{
			"url": "login/loadingDi.png",
			"type": "image",
			"name": "loadingDi_png"
		},
		{
			"url": "login/loadingKuang.png",
			"type": "image",
			"name": "loadingKuang_png"
		},
		{
			"url": "login/startButton.png",
			"type": "image",
			"name": "startButton_png"
		},
		{
			"url": "login/version.png",
			"type": "image",
			"name": "version_png"
		},
		{
			"url": "login/common0.png",
			"type": "image",
			"name": "common0_png"
		},
		{
			"url": "login/common1.png",
			"type": "image",
			"name": "common1_png"
		},
		{
			"url": "login/black.jpg",
			"type": "image",
			"name": "black_jpg"
		},
		{
			"url": "login/tipsPanel.png",
			"type": "image",
			"name": "tipsPanel_png"
		},
		{
			"url": "version/version.json",
			"type": "json",
			"name": "version_json"
		}
	]
}